INSERT INTO EMPLEADOS(CODIGO, NOMBRE, APELLIDO1, APELLIDO2) VALUES
(100, 'Pepín', 'Gálvez', 'Ridruejo'),
(101, 'Honorio', 'Martín', 'Salvador'),
(102, 'Carlota', 'Cifuentes', 'Merino');

INSERT INTO PRODUCTOS(CODIGO, NOMBRE, CATEGORIA, DESCRIPCION, PRECIO, FECHA_ALTA, DESCATALOGADO) VALUES
(10, 'Café solo', 'CAFE', 'Delecioso café solo', 1.7, '2014-10-25', FALSE),
(11, 'Café cortado', 'CAFE', 'Delecioso café cortado', 2.0, '2014-10-25', FALSE),
(12, 'Pollo Kim Jong-un', 'COMIDA', 'Delecioso pollo al puro estilo coreano', 14.5, '2014-10-25', FALSE),
(13, 'Pollo Jimmy Carter', 'COMIDA', 'Delicioso pollo con salsa de cacahuetes al puro estilo Georgiano', 14.5, '2014-10-25', FALSE),
(14, 'Estrella Damm', 'CERVEZA', 'Cerveza Estrella Damm (33cl)', 3.6, '2014-10-25', FALSE),
(15, 'Moritz', 'CERVEZA', 'La cerveza de Barcelona (33cl)', 3.6, '2014-10-25', FALSE),
(16, 'Pollo Olof Palme', 'COMIDA', 'Delicioso pollo con Anguila y arroz blanco al puro estilo Sueco', 17.0 , '2014-11-02', FALSE),
(17, 'Pollo Adenauer', 'COMIDA', 'Delicioso pollo con patatas y salsa de coles al puro estilo de Colonia', 15.6, '2014-10-17', FALSE),
(18, 'Ballantiles', 'LICOR', 'Whisky de primera calidad', 5.0, '2014-10-20', FALSE),
(19, 'DYC', 'LICOR', 'Whisky', 4.0, '2014-10-25', TRUE),
(20, 'Crema Catalana', 'POSTRE', 'Deliciosa Crema Catalana con receta tradicional', 6.2, '2014-10-25', FALSE),
(21, 'Bomba de la Barceloneta', 'TAPA', 'Bomba de patata rellena de carne picante y brava.', 7.0 , '2014-10-25', FALSE),
(22, 'Pollo Fidel', 'COMIDA', 'Delicioso pollo con salsa caribeña de primera calidad', 14.7 , '2014-10-25', FALSE),
(23, 'Calamares a la romana', 'TAPA', 'Calamares a la romana bien hechos de verdad', 7.3 , '2014-10-25', FALSE),
(24, 'Patatas Bravas', 'TAPA', 'Patatas fritas con salsa picante de barbacoa', 5.0 , '2014-10-25', FALSE),
(25, 'Cocacola Zero', 'BEBIDA', 'Lata de Cocacola Zero (33cl)', 2.1 , '2014-10-24', FALSE),
(26, 'Fanta Naranja', 'BEBIDA', 'Lata de Fanta Naranja (33cl) ',2.1 , '2014-10-24', FALSE),
(27, 'Agua Ribes', 'BEBIDA', 'Agua Ribes (botellín 33cl)', 2.0 , '2014-10-24', FALSE),
(28, 'Fanta Limón', 'BEBIDA', 'Lata de Fanta Limón (33cl)', 2.1 , '2014-10-25', FALSE),
(29, 'Cocacola', 'BEBIDA', 'Lata de Cocacola (33cl)',2.1 , '2014-10-25', FALSE),
(30, 'Sprite', 'BEBIDA', 'Lata de Sprite (33cl)',2.1 , '2014-10-25', FALSE);

INSERT INTO PEDIDOS(CODIGO, CODIGO_EMPLEADO, FECHA_HORA, ESTADO, OBSERVACIONES) VALUES
(1, 100, '2023-01-24', 'ENTREGADO', null),
(2, 102, '2023-01-25', 'EN_PROCESO', 'El cliente tiene prisa...'),
(3, 102, '2023-01-26', 'ENTREGADO', null),
(4, 102, '2023-01-26', 'PENDIENTE_ENTREGA', null),
(5, 102, '2023-01-26', 'EN_PROCESO', null),
(6, 100, '2023-01-27', 'PENDIENTE_ENTREGA', null),
(7, 102, '2023-01-27', 'NUEVO', null),
(8, 100, '2023-01-27', 'NUEVO', null),
(9, 100, '2023-01-27', 'CANCELADO', null),
(10, 102, '2023-01-28', 'NUEVO', null);

INSERT INTO LINEAS_PEDIDO(CODIGO_PEDIDO, CODIGO_PRODUCTO, CANTIDAD, ORDEN) VALUES
(1, 10, 2, 0),
(2, 10, 4, 0),
(2, 11, 1, 1),
(2, 20, 2, 2),
(3, 13, 1, 0),
(3, 28, 2, 1),
(4, 27, 1, 0),
(5, 11, 2, 0),
(5, 12, 1, 1),
(6, 16, 1, 0),
(6, 15, 1, 1),
(6, 22, 2, 2),
(6, 25, 1, 3),
(6, 27, 1, 4),
(6, 28, 1, 5),
(6, 10, 1, 6),
(6, 13, 2, 7),
(7, 14, 1, 0),
(8, 27, 2, 0),
(8, 18, 2, 1),
(9, 11, 1, 0),
(9, 12, 2, 1),
(10, 10, 1, 0),
(10, 28, 1, 1),
(10, 15, 2, 2);
